[
  {
    "inputs": [],
    "name": "joinIdo",
    "outputs": [],
    "stateMutability": "payable",
    "type": "function"
  },
  {
    "inputs": [
      {
        "internalType": "address",
        "name": "_rewardToken",
        "type": "address"
      },
      {
        "internalType": "uint256",
        "name": "_joinIdoPrice",
        "type": "uint256"
      },
      {
        "internalType": "uint256",
        "name": "_rewardAmount",
        "type": "uint256"
      },
      {
        "internalType": "address",
        "name": "_mFundAddress",
        "type": "address"
      }
    ],
    "stateMutability": "nonpayable",
    "type": "constructor"
  },
  {
    "inputs": [],
    "name": "claimBTC",
    "outputs": [],
    "stateMutability": "nonpayable",
    "type": "function"
  },
  {
    "inputs": [],
    "name": "claimToken",
    "outputs": [],
    "stateMutability": "nonpayable",
    "type": "function"
  }
]
